date,50,65,68,71,74,89,123,124,138,179,203,249,263,270,273,276,361,364,378,382,404,405,406,465,466,467,472,560,573,646,658,882,906,907,908,909,951,1150,1190,1191,1269,1292,1293,1349
2004-01,79,89,62,44,100,88,100,71,76,95,93,58,65,78,80,76,100,32,93,99,64,61,63,84,93,90,56,63,92,94,100,70,60,15,38,32,88,62,100,59,75,60,95,35
2004-02,78,86,60,45,94,86,87,65,72,89,81,58,62,67,80,84,83,32,81,93,66,64,53,85,93,87,50,59,81,91,86,66,73,15,40,28,76,61,85,57,76,55,81,37
2004-03,78,89,61,45,96,92,92,62,76,89,81,58,69,66,85,71,83,30,79,90,69,66,60,82,87,87,54,65,84,87,88,67,81,17,37,26,75,59,73,64,75,53,77,41
2004-04,76,88,61,42,86,92,85,61,68,86,79,59,77,65,87,68,77,31,78,88,59,64,58,75,83,85,56,64,84,88,76,64,76,14,34,26,73,60,82,77,80,46,80,33
2004-05,75,90,63,42,93,92,85,61,68,84,80,55,80,63,100,70,75,35,79,87,59,69,49,78,80,85,55,60,89,83,74,65,63,14,39,27,72,59,70,79,80,52,76,36
2004-06,82,91,63,42,91,93,83,64,80,90,85,64,84,63,94,68,76,32,83,87,64,64,51,89,89,91,52,60,92,84,75,66,68,15,37,28,73,64,92,81,89,52,77,35
2004-07,84,96,63,44,80,94,84,67,77,100,98,57,86,71,87,73,83,37,90,96,62,68,58,89,87,97,60,61,100,90,75,68,61,16,42,31,81,68,73,85,73,56,91,31
2004-08,80,91,60,41,77,92,75,65,76,98,90,60,84,68,87,69,82,34,93,86,62,69,57,95,84,96,58,56,94,93,80,68,54,13,39,28,79,63,66,83,75,54,94,38
2004-09,78,88,64,45,97,89,86,67,72,94,86,55,79,70,89,74,81,30,88,87,60,68,56,87,76,91,52,60,83,84,86,68,62,16,43,31,76,65,94,78,85,55,89,36
2004-10,77,87,70,47,92,86,92,69,71,84,79,56,70,73,79,79,83,31,75,93,59,66,54,75,77,85,55,60,86,85,80,68,68,18,42,29,82,62,69,68,71,62,88,35
2004-11,78,91,76,51,93,88,97,86,71,76,72,58,71,74,77,85,94,35,70,98,64,80,62,67,72,75,54,63,97,91,83,68,81,19,39,35,84,66,84,65,79,71,89,38
2004-12,72,90,73,49,70,78,79,93,60,58,61,51,64,66,67,71,99,32,55,99,57,92,68,54,48,56,47,60,99,82,64,60,82,17,34,42,81,75,60,55,75,80,78,25
2005-01,79,87,66,47,96,92,86,74,78,92,95,66,68,80,75,76,99,37,93,100,57,65,59,85,92,93,62,62,85,91,78,70,74,17,41,32,88,67,73,62,82,64,93,35
2005-02,82,95,69,52,98,97,89,72,81,91,89,72,71,71,85,84,88,34,89,99,74,65,63,90,94,100,64,64,79,100,82,71,87,19,45,34,84,70,85,66,85,62,83,37
2005-03,79,89,66,47,89,93,87,64,74,85,80,69,73,65,84,73,77,34,81,87,61,60,70,81,86,91,65,62,80,90,72,70,88,18,39,32,76,71,74,65,84,59,79,100
2005-04,81,92,69,46,94,99,85,65,80,87,83,74,80,65,95,75,79,39,86,89,64,66,52,77,89,98,66,67,78,87,72,68,77,18,43,29,79,70,82,76,87,59,83,34
2005-05,80,93,68,45,97,96,83,65,72,86,84,65,82,66,96,73,77,36,87,88,64,67,53,88,87,94,59,64,81,85,68,69,70,17,43,30,77,73,84,79,81,57,83,36
2005-06,84,94,67,45,95,96,82,65,80,89,88,71,83,59,98,75,75,39,89,86,67,66,52,90,83,94,59,64,83,88,75,69,67,17,45,32,71,74,78,78,88,58,74,38
2005-07,100,100,66,46,78,100,73,68,84,92,95,69,92,66,93,75,79,60,94,89,65,66,55,100,82,100,61,76,88,87,71,70,71,16,45,33,74,73,79,90,81,58,83,35
2005-08,82,94,65,44,73,97,78,69,80,94,92,71,89,72,87,75,77,43,100,87,65,65,59,95,94,95,60,62,84,87,68,72,66,16,44,32,78,73,63,87,85,59,85,31
2005-09,83,90,69,46,98,89,81,67,82,88,84,82,84,72,90,78,78,44,90,84,64,66,52,89,84,91,60,63,78,79,84,74,66,18,48,33,77,74,73,81,100,54,84,34
2005-10,82,94,74,51,96,92,86,70,77,78,78,66,80,78,83,82,81,40,77,86,66,65,53,80,79,83,60,70,76,86,80,75,75,21,47,34,82,75,74,75,94,58,85,38
2005-11,80,92,83,53,96,97,92,88,77,70,69,66,75,77,77,88,92,37,68,90,65,76,57,71,72,75,55,73,89,85,83,75,86,21,44,37,90,74,74,67,82,74,89,37
2005-12,77,94,79,53,72,89,80,93,63,55,61,57,70,68,63,75,98,42,56,88,59,89,66,57,54,60,49,67,99,77,63,62,88,18,40,46,86,83,59,62,78,80,76,25
2006-01,84,98,69,50,99,93,83,75,80,86,91,87,74,84,75,77,88,78,95,85,57,63,51,87,97,96,62,69,78,85,80,76,76,19,48,38,90,72,84,70,77,71,93,36
2006-02,78,94,70,51,91,91,85,70,78,82,79,92,69,71,76,85,78,65,87,78,57,62,47,87,87,91,60,69,70,89,86,74,85,21,48,38,77,72,75,64,85,59,79,35
2006-03,78,90,69,49,97,89,86,67,85,77,77,90,74,69,78,80,72,41,86,77,63,58,46,86,82,89,60,72,73,89,88,73,84,21,45,34,75,72,77,64,85,59,77,43
2006-04,75,91,69,46,81,93,79,64,81,76,75,78,81,67,83,72,69,44,83,76,60,55,45,77,80,82,59,65,71,81,71,71,81,19,41,33,74,69,67,75,84,54,80,40
2006-05,79,90,72,47,96,92,81,67,77,79,79,90,86,65,89,74,69,40,85,78,63,60,47,83,82,85,59,67,72,84,73,74,73,19,45,33,71,73,73,79,82,53,75,45
2006-06,81,92,70,47,91,91,78,67,80,78,80,100,91,60,87,71,63,42,90,81,65,60,46,83,80,86,59,68,71,86,74,72,68,18,46,31,68,74,70,81,82,49,76,45
2006-07,89,97,71,48,74,97,75,69,86,89,92,98,100,68,88,75,67,49,96,84,62,62,48,97,85,99,61,73,81,87,90,74,63,17,47,33,75,78,76,94,79,53,88,44
2006-08,85,96,70,47,71,94,70,70,81,89,100,94,89,79,82,77,70,44,97,84,58,64,47,96,93,96,62,65,74,81,82,76,58,19,47,35,81,81,57,85,77,60,95,36
2006-09,84,94,70,50,96,90,70,70,80,79,86,79,86,75,78,78,68,43,92,82,57,63,47,87,86,90,63,70,71,80,86,76,60,20,58,34,77,79,73,82,76,59,85,36
2006-10,77,91,78,52,90,88,82,75,78,74,75,68,77,81,72,82,69,54,75,81,55,64,44,75,81,80,61,72,69,82,80,76,70,21,53,35,79,73,73,71,70,60,90,37
2006-11,80,92,84,54,91,87,98,92,78,64,65,72,76,80,68,89,80,69,70,84,60,77,50,70,74,70,59,76,78,85,83,74,76,22,52,38,88,76,72,67,73,74,89,36
2006-12,75,93,81,56,67,84,79,100,64,50,63,51,72,73,58,78,88,44,57,81,54,100,59,55,51,57,50,72,88,73,62,65,72,20,44,49,84,87,55,62,61,78,77,24
2007-01,83,86,71,50,94,86,81,77,78,79,88,77,73,88,67,77,78,42,94,81,54,59,46,81,100,84,61,72,70,82,85,78,61,20,53,37,85,74,75,65,70,68,90,36
2007-02,81,87,70,53,87,88,80,71,82,74,77,71,74,76,70,84,65,47,88,75,56,59,42,75,90,83,62,69,64,86,81,73,70,23,50,38,76,73,73,64,69,58,79,34
2007-03,76,84,68,49,90,87,78,65,79,71,72,72,74,70,76,76,63,42,78,74,55,57,41,72,83,79,60,69,64,80,75,73,68,21,48,35,71,71,68,69,67,52,73,35
2007-04,73,85,70,46,77,85,72,63,77,68,72,64,87,66,84,71,59,42,78,71,59,54,39,74,82,78,63,62,62,81,69,71,62,18,43,33,67,68,61,83,64,51,76,33
2007-05,75,86,73,47,88,85,77,68,80,72,73,67,84,67,83,75,60,40,80,72,54,56,40,74,81,74,56,66,67,82,70,72,60,20,46,34,69,69,66,80,67,57,76,34
2007-06,78,88,72,47,85,86,99,67,79,72,77,74,85,64,84,78,58,41,82,74,57,56,43,78,79,79,59,67,69,78,71,71,56,20,46,34,68,72,62,78,66,52,73,33
2007-07,85,88,69,48,70,87,80,68,78,79,86,76,88,71,76,75,60,43,91,75,56,60,43,82,86,84,60,70,71,77,76,74,56,20,43,35,70,78,60,83,62,49,82,35
2007-08,75,83,65,45,63,82,61,65,75,75,77,65,84,68,75,71,55,45,85,71,53,55,42,76,79,79,54,58,63,73,66,71,50,18,42,33,67,71,57,78,62,48,74,28
2007-09,77,80,69,47,85,78,65,65,72,67,71,57,81,68,71,74,57,54,77,71,50,53,40,68,76,76,54,57,58,72,64,69,67,20,48,35,67,66,56,77,57,53,73,28
2007-10,78,79,73,50,82,75,66,68,73,63,67,58,72,72,65,77,58,43,70,74,56,57,42,60,68,68,55,59,58,76,76,71,68,22,46,35,70,79,63,68,58,54,77,29
2007-11,74,80,80,53,84,76,69,83,69,54,57,57,70,73,61,82,65,45,64,83,55,67,44,57,62,61,52,64,69,77,71,68,71,21,45,37,77,72,66,65,63,64,93,30
2007-12,68,80,80,53,62,73,64,91,58,42,51,44,67,66,54,73,74,41,50,73,49,79,52,42,46,47,45,59,75,65,55,58,68,20,40,48,78,81,53,59,51,72,100,22
2008-01,68,77,68,49,83,74,64,69,74,66,73,63,66,76,61,77,62,51,84,68,49,51,38,64,76,70,57,59,56,76,79,72,52,19,46,39,74,67,65,60,56,58,85,28
2008-02,68,79,64,48,77,73,61,64,75,62,64,65,64,63,64,78,52,58,71,64,46,50,35,61,72,68,54,57,52,74,82,66,59,22,43,38,64,63,58,58,54,51,66,28
2008-03,67,75,63,45,74,72,61,59,73,56,62,59,65,62,67,69,52,43,68,62,46,47,35,61,65,68,53,54,51,69,71,67,67,22,41,34,63,61,51,59,57,51,68,27
2008-04,67,72,64,44,75,70,60,58,72,57,61,63,67,58,67,69,48,41,71,62,48,48,34,59,72,62,54,56,50,74,74,66,52,20,41,32,59,65,60,63,58,50,63,28
2008-05,65,73,63,42,76,69,60,56,69,56,59,59,74,52,72,66,45,43,66,59,48,46,35,53,54,59,52,55,50,67,71,62,49,19,39,31,54,60,55,71,53,44,59,27
2008-06,65,74,64,43,73,70,60,60,67,56,61,67,77,52,73,66,46,42,69,64,50,48,35,56,57,59,51,52,52,71,76,64,49,20,41,32,56,62,48,73,60,46,60,30
2008-07,68,74,62,43,61,69,60,61,65,58,64,70,74,53,66,67,46,38,72,70,49,50,35,57,56,60,50,56,53,70,93,64,46,20,40,33,56,66,49,72,57,45,62,26
2008-08,61,74,62,42,57,66,53,58,62,56,58,62,73,54,66,64,46,49,69,68,43,46,35,51,49,58,51,50,49,67,82,65,43,19,38,31,57,60,49,71,49,46,62,22
2008-09,61,70,63,42,77,62,59,58,65,51,54,62,69,56,63,64,46,54,65,67,43,45,33,52,55,57,51,52,45,65,85,64,48,21,42,31,55,61,51,67,45,46,58,23
2008-10,59,67,68,45,73,59,64,59,61,46,47,58,62,56,57,68,47,40,57,68,44,47,34,45,55,50,48,53,45,70,83,63,49,22,42,33,57,62,52,60,48,47,57,24
2008-11,56,67,72,47,74,59,58,71,58,39,42,54,58,59,51,69,53,41,53,71,44,54,37,41,65,45,45,58,52,69,82,58,55,22,38,34,62,59,56,53,44,53,63,23
2008-12,55,70,73,48,56,59,55,76,52,32,36,47,56,54,45,61,61,40,43,67,41,61,45,33,50,40,40,55,57,64,61,53,53,21,34,47,62,68,48,51,37,63,61,17
2009-01,56,67,63,44,76,60,57,61,62,48,51,62,56,62,51,66,53,44,68,65,44,43,34,51,64,55,50,54,47,68,79,62,47,20,38,36,63,59,51,53,41,56,64,24
2009-02,62,65,61,44,79,61,57,55,63,44,48,59,53,52,52,65,47,40,60,65,42,43,31,46,59,50,46,51,42,67,76,58,55,23,37,36,55,56,52,50,40,49,55,22
2009-03,53,67,59,42,71,60,57,53,64,44,45,67,59,50,59,60,43,44,58,64,44,41,30,46,54,51,50,52,42,68,73,60,52,23,39,33,52,55,52,56,46,44,53,23
2009-04,52,66,57,40,64,60,54,48,60,43,43,61,63,48,59,56,40,43,53,61,40,40,29,45,49,48,47,49,40,69,60,56,50,21,36,32,50,55,50,64,43,41,51,21
2009-05,52,68,60,39,71,60,54,51,59,44,44,59,65,48,61,58,41,50,56,63,40,42,30,44,45,47,47,51,41,65,61,56,42,21,37,31,48,54,45,63,44,40,52,20
2009-06,60,66,59,40,71,60,52,52,61,45,48,63,67,46,62,56,39,38,58,69,39,42,32,49,48,50,46,52,42,68,64,58,42,20,40,31,48,58,47,66,42,40,52,22
2009-07,58,69,60,41,62,63,52,55,65,50,51,72,70,52,59,60,41,42,61,72,44,41,34,52,47,54,51,53,44,72,66,60,43,22,42,32,53,61,41,70,47,41,57,20
2009-08,55,67,60,41,56,61,51,54,62,48,49,65,66,54,57,58,39,44,63,69,39,41,34,49,45,51,48,49,42,68,65,60,40,22,46,32,55,59,42,66,45,42,60,18
2009-09,55,64,61,42,75,58,53,54,62,43,45,59,63,54,56,58,40,44,61,66,39,41,32,47,45,51,48,51,40,67,70,60,43,23,46,34,51,62,42,62,42,43,57,20
2009-10,53,64,67,44,70,57,54,54,57,40,41,57,57,57,51,64,41,40,54,71,37,41,33,42,41,45,46,51,40,69,72,58,45,24,43,35,53,62,42,56,42,45,59,20
2009-11,52,65,71,46,73,55,55,65,57,34,36,59,55,58,44,61,48,49,52,73,39,47,39,40,38,42,46,56,45,70,72,57,50,23,40,37,57,62,43,51,47,51,59,20
2009-12,53,65,71,46,56,53,47,71,48,28,35,46,47,49,38,54,51,41,40,66,35,53,47,32,28,35,39,51,47,61,57,48,51,23,35,50,55,70,35,44,36,56,55,16
2010-01,54,60,60,42,87,57,50,55,60,40,46,60,48,56,41,56,44,45,63,67,34,37,31,41,42,48,46,51,39,67,70,57,40,22,37,37,56,62,43,42,41,49,55,20
2010-02,50,63,57,42,69,57,50,53,62,40,40,58,47,52,45,59,40,52,60,64,34,37,29,41,44,49,47,51,37,69,72,55,45,25,38,35,52,58,41,44,40,43,53,20
2010-03,52,62,59,41,69,57,55,49,64,38,40,62,52,49,50,57,38,42,57,62,36,37,30,42,42,48,50,53,37,71,71,56,47,25,39,35,50,61,45,50,49,42,50,21
2010-04,50,60,57,38,59,56,49,45,59,37,49,59,56,45,50,53,35,46,54,61,35,35,29,40,40,47,48,49,35,68,61,52,40,22,37,35,46,58,35,55,45,38,48,18
2010-05,49,60,59,40,67,56,52,47,61,37,44,60,59,44,52,54,36,46,55,62,35,36,31,39,40,47,47,51,37,69,60,54,40,23,39,34,47,55,39,57,46,38,48,17
2010-06,51,58,57,39,66,54,50,48,59,38,39,61,59,42,51,53,33,39,56,70,40,37,31,39,40,49,45,50,36,67,61,52,38,22,38,32,44,58,36,56,45,36,47,18
2010-07,52,65,58,41,56,58,53,51,62,43,44,63,66,47,51,58,35,45,60,74,39,39,33,42,40,51,49,51,38,71,60,58,39,24,43,36,49,57,40,65,43,39,53,18
2010-08,49,62,55,42,50,54,51,50,60,42,40,60,61,47,49,57,35,42,60,72,37,37,36,40,36,48,46,49,36,69,59,58,38,25,45,35,50,54,37,59,41,41,52,17
2010-09,51,59,57,42,65,52,55,49,57,39,37,57,55,46,46,56,36,41,57,68,36,38,32,39,35,47,45,49,36,69,61,54,39,25,47,35,48,56,40,54,39,41,50,17
2010-10,50,59,61,44,62,50,56,48,56,34,34,53,50,48,41,58,35,56,48,67,35,37,33,32,32,42,43,50,35,68,61,53,42,26,44,38,49,54,37,48,40,44,50,16
2010-11,51,59,68,45,66,54,51,60,55,31,31,53,47,50,37,58,41,47,46,66,37,44,38,32,31,40,44,55,37,72,70,52,47,26,40,39,54,58,43,42,40,52,52,17
2010-12,55,58,66,46,53,49,48,63,47,25,38,44,41,42,32,50,41,46,35,64,33,49,46,27,23,30,37,48,39,64,52,44,45,26,36,51,50,78,31,35,34,55,47,17
2011-01,57,67,73,55,71,58,76,65,71,46,47,49,57,65,44,72,47,56,76,78,43,42,39,47,47,65,55,61,43,75,72,68,46,29,45,49,64,68,38,52,40,61,60,21
2011-02,55,69,70,55,61,57,67,62,75,44,42,49,56,57,45,75,43,56,69,74,43,42,38,47,47,62,56,60,40,72,79,64,50,35,45,48,60,62,39,53,40,54,55,21
2011-03,54,71,68,51,65,58,68,57,72,42,40,51,59,53,50,72,39,77,65,69,42,41,35,44,44,61,56,58,38,72,69,63,50,33,45,43,55,62,40,58,45,51,50,22
2011-04,54,70,68,51,52,58,62,54,69,42,40,49,68,47,52,72,36,59,57,68,43,39,36,40,38,57,54,55,37,68,56,60,55,32,43,45,50,61,35,69,39,44,47,18
2011-05,54,73,71,52,65,58,67,58,68,45,43,55,70,50,53,71,39,64,68,74,46,43,38,42,42,60,53,61,39,71,67,64,47,31,48,44,53,62,35,72,39,51,51,20
2011-06,57,73,73,51,62,59,70,61,70,46,44,58,69,50,56,72,39,71,69,71,47,45,42,43,42,61,53,61,38,71,72,65,49,30,48,41,54,64,38,71,39,48,53,21
2011-07,56,78,70,52,50,59,67,60,69,48,46,59,76,52,51,75,39,100,68,71,52,44,40,45,41,61,55,61,38,71,72,67,50,30,49,43,53,61,36,76,38,49,55,20
2011-08,56,72,68,53,47,55,64,60,68,47,45,51,69,54,49,73,38,59,71,72,46,44,43,45,41,59,53,57,37,70,70,65,46,34,53,43,55,61,35,69,36,49,56,18
2011-09,54,67,72,52,64,54,71,58,63,43,41,46,64,52,47,72,39,67,74,71,44,44,40,40,40,56,52,58,36,70,69,63,47,33,52,45,55,63,34,62,36,50,53,19
2011-10,54,69,77,56,61,54,79,61,65,39,36,41,59,58,57,76,40,72,61,83,42,43,40,37,38,49,52,61,35,70,73,63,52,36,52,50,57,59,38,58,35,52,56,19
2011-11,55,70,84,60,64,53,70,75,65,37,34,40,58,61,42,77,49,62,58,70,46,52,46,35,37,45,52,72,41,73,74,62,60,37,50,53,66,62,37,53,36,68,60,19
2011-12,52,75,91,65,48,51,62,86,57,33,31,32,53,56,37,77,57,68,48,70,45,63,63,29,29,36,46,70,43,69,57,58,64,37,48,71,66,72,30,48,31,78,60,15
2012-01,53,69,74,59,65,55,67,65,66,45,41,45,56,65,44,76,46,61,71,71,49,43,41,40,42,52,56,67,38,78,71,67,51,34,50,54,65,58,39,52,37,64,61,19
2012-02,53,69,70,57,60,54,64,63,68,42,38,43,54,57,44,77,40,64,66,64,44,41,39,37,41,50,57,64,36,78,70,64,57,39,48,50,59,56,39,50,37,54,54,20
2012-03,51,66,68,52,57,53,64,56,68,41,36,44,60,52,48,75,37,62,59,57,46,38,37,34,41,49,57,64,33,70,59,61,54,36,44,45,53,58,35,58,41,47,49,23
2012-04,51,68,72,54,52,58,69,60,65,42,37,44,63,55,50,75,38,63,61,60,47,42,39,35,39,48,56,64,34,71,60,64,55,37,44,48,57,60,37,62,39,56,52,24
2012-05,52,68,74,53,61,56,71,61,71,42,38,47,63,51,51,71,37,64,62,55,48,42,42,37,38,48,55,66,34,76,60,64,49,35,44,46,53,59,39,61,41,49,50,23
2012-06,51,69,70,53,51,54,63,61,66,42,39,49,64,54,52,70,36,72,61,57,43,40,42,37,36,48,53,61,33,68,56,63,47,35,44,57,51,57,31,61,37,47,50,20
2012-07,54,74,71,51,44,55,63,60,71,46,41,50,69,51,48,72,36,88,64,57,43,41,40,38,37,52,56,62,34,70,57,65,47,33,45,57,52,57,33,69,35,48,54,19
2012-08,51,76,69,52,42,53,61,60,68,46,39,44,74,53,48,71,35,81,66,58,44,39,40,36,37,48,55,59,31,69,56,66,45,34,46,50,53,58,32,77,35,48,54,17
2012-09,53,69,74,55,61,55,63,65,69,41,38,42,69,58,47,73,38,69,65,78,44,40,41,38,38,48,58,64,31,71,62,68,49,37,50,52,58,58,33,70,38,54,57,18
2012-10,51,67,79,58,57,53,66,63,67,37,35,39,58,61,40,71,38,63,57,59,43,42,42,34,38,44,57,100,30,73,72,65,56,40,51,54,59,61,37,55,37,56,58,18
2012-11,51,69,83,60,57,52,65,75,64,34,29,37,52,62,38,73,47,73,55,60,42,48,49,32,33,39,54,73,35,75,71,64,63,38,48,57,68,62,34,49,35,75,61,19
2012-12,50,71,93,65,43,48,60,88,58,30,28,29,49,57,34,75,52,69,45,60,42,60,67,25,26,33,48,73,34,71,56,56,67,40,49,76,68,71,26,45,28,84,56,15
2013-01,53,66,75,58,70,53,67,66,66,41,40,42,52,65,38,70,41,60,66,56,41,40,41,35,42,44,58,71,33,77,64,64,55,37,50,60,66,60,33,48,34,67,60,18
2013-02,49,66,68,60,55,53,66,62,71,39,34,42,51,59,41,76,37,54,63,54,42,39,39,33,43,44,58,67,28,78,64,64,64,42,49,61,59,55,34,47,35,58,54,19
2013-03,50,68,70,60,56,54,66,59,71,39,35,41,52,60,42,75,36,65,59,52,43,39,40,33,40,44,60,66,28,80,61,62,77,47,48,59,61,56,32,49,37,57,60,19
2013-04,49,65,71,56,51,54,63,58,74,40,35,46,57,57,46,70,36,54,60,48,44,38,39,34,41,44,64,69,28,78,60,65,72,39,49,52,59,55,29,56,37,56,58,19
2013-05,50,66,71,55,55,54,67,59,70,42,36,49,60,54,49,71,33,57,61,49,47,40,40,35,52,43,58,81,28,78,57,66,73,37,49,49,55,55,30,60,39,53,53,18
2013-06,51,70,71,55,52,54,69,62,73,42,39,50,62,52,51,68,33,86,58,49,46,44,43,37,38,42,58,76,27,74,56,66,71,35,49,47,54,54,30,64,36,50,52,18
2013-07,50,66,70,54,41,54,65,60,73,43,39,47,65,50,46,65,31,61,60,44,47,41,42,41,39,45,58,72,26,70,56,66,66,32,54,46,55,56,31,67,36,49,58,19
2013-08,49,67,69,55,39,53,64,62,71,44,37,39,62,59,46,69,33,60,66,44,46,46,42,39,39,44,60,64,26,70,52,69,65,37,56,49,59,52,28,65,32,52,58,16
2013-09,47,64,72,57,57,52,66,60,67,40,36,38,56,62,43,67,33,53,62,54,43,45,40,37,39,43,58,63,26,69,60,73,67,41,61,51,61,57,28,57,32,57,60,18
2013-10,52,68,78,59,54,52,68,62,67,37,34,38,51,69,40,72,35,66,58,49,46,43,43,35,42,41,59,65,26,77,90,74,75,44,59,53,63,62,30,52,35,60,63,18
2013-11,51,67,87,63,54,55,66,78,68,33,29,35,49,68,38,72,45,53,55,49,46,52,50,33,37,37,58,76,28,81,79,69,84,42,52,58,71,61,32,46,33,77,63,18
2013-12,47,70,91,66,41,48,62,88,60,29,29,28,46,64,34,68,51,60,44,46,45,64,68,26,28,30,51,72,29,73,58,63,83,41,52,79,71,66,25,44,27,86,60,15
2014-01,47,65,73,61,53,53,66,68,72,41,36,41,47,75,38,69,39,58,65,44,45,43,41,37,44,43,61,74,27,78,68,72,69,39,54,61,71,56,30,45,33,74,65,18
2014-02,50,63,68,59,51,53,65,63,74,39,33,41,45,67,39,73,35,48,63,41,48,43,39,36,42,42,59,69,25,76,65,69,74,44,51,57,63,54,31,43,34,61,56,19
2014-03,45,64,69,57,52,56,62,60,74,36,37,43,50,61,43,69,34,54,59,39,45,40,39,31,41,41,62,67,24,76,61,68,70,40,52,52,59,53,28,50,34,58,53,19
2014-04,48,64,71,59,47,55,61,57,74,38,35,41,55,61,47,70,34,50,59,40,49,41,41,31,40,39,61,66,25,74,56,67,75,40,51,56,60,53,29,55,36,59,54,17
2014-05,45,63,73,56,51,54,61,60,74,40,35,42,56,58,48,68,32,49,61,38,48,42,42,33,38,39,61,67,25,76,56,67,60,37,52,58,60,54,26,56,36,56,53,17
2014-06,45,64,71,53,50,53,61,61,73,39,38,43,57,54,49,64,30,54,60,38,47,40,43,35,38,39,61,65,24,73,54,67,57,34,53,49,57,54,27,57,36,53,53,18
2014-07,50,67,71,54,40,54,62,62,75,42,41,44,63,56,44,65,30,44,62,40,48,42,43,35,38,41,62,68,25,72,57,70,56,35,57,52,57,58,28,64,36,53,56,18
2014-08,48,66,69,57,39,52,58,62,70,42,38,39,56,65,44,70,32,46,63,43,47,43,45,33,38,40,60,71,25,71,53,70,59,39,58,51,62,53,26,57,34,57,58,17
2014-09,48,60,67,55,55,50,59,60,69,38,36,38,53,64,42,68,31,51,64,56,45,41,41,32,36,40,58,65,24,70,56,69,57,39,55,50,60,56,29,52,33,58,56,19
2014-10,47,65,78,59,51,50,62,63,70,36,33,37,46,71,39,70,34,64,57,42,46,43,45,32,37,36,60,67,23,74,65,69,63,42,55,52,64,57,28,46,36,61,60,18
2014-11,45,64,88,61,50,52,60,81,68,32,28,35,46,73,39,69,42,51,53,41,48,50,55,29,36,33,62,78,26,74,60,67,70,38,51,57,73,57,29,43,33,83,63,17
2014-12,46,67,89,66,38,48,57,90,64,28,28,30,43,66,37,67,49,50,45,40,50,62,72,25,28,28,52,77,27,76,50,62,74,40,52,79,73,73,25,39,30,91,60,14
2015-01,47,61,72,61,53,53,62,67,74,39,37,41,44,74,38,70,36,49,65,38,44,42,44,32,43,39,59,79,26,79,64,68,61,37,57,62,70,56,36,41,35,81,60,17
2015-02,46,61,68,61,49,53,60,63,77,37,32,43,43,67,41,73,32,49,63,35,46,41,43,30,43,39,60,72,26,79,63,66,66,42,54,63,64,54,32,40,35,63,54,18
2015-03,45,61,68,58,51,53,59,59,79,37,34,42,45,65,42,71,32,46,61,35,46,41,40,31,42,40,59,73,26,77,59,68,68,43,53,57,62,54,29,43,35,62,52,20
2015-04,44,60,67,56,46,53,54,57,79,36,33,41,50,59,44,71,29,45,58,34,46,40,41,30,41,36,62,69,25,74,53,66,60,36,54,57,60,51,27,50,37,58,52,19
2015-05,45,61,71,57,50,54,56,61,77,39,34,43,52,60,47,73,30,47,59,34,50,43,46,31,39,37,57,71,25,74,50,68,57,37,54,54,60,53,28,51,37,58,51,18
2015-06,48,62,70,54,50,53,56,60,78,39,37,45,51,56,49,67,30,53,61,34,50,41,47,35,39,39,59,71,25,75,53,68,57,35,56,52,58,57,28,52,38,54,50,19
2015-07,50,63,71,56,37,55,57,62,82,42,39,44,54,59,43,69,30,44,61,35,50,43,47,36,41,40,61,69,27,71,52,70,56,35,59,51,59,57,27,54,37,55,56,19
2015-08,48,63,69,58,36,52,57,61,77,43,38,41,52,64,43,71,30,45,64,35,50,41,48,34,41,39,59,70,23,75,48,69,55,40,57,52,62,50,27,50,35,57,55,20
2015-09,45,57,69,57,51,50,62,59,76,37,34,39,46,65,39,69,29,39,62,36,47,39,44,30,37,38,57,67,21,73,54,68,54,40,57,51,60,54,28,44,34,57,53,18
2015-10,43,60,75,58,46,49,60,59,72,33,32,35,43,69,37,70,31,44,55,33,48,41,46,28,36,35,57,68,21,75,54,66,61,41,60,53,63,53,27,40,32,61,55,17
2015-11,44,62,89,62,47,50,55,81,69,30,30,33,42,73,34,70,41,52,52,33,63,47,55,30,36,34,58,82,23,74,54,65,69,38,55,56,72,57,29,38,31,81,61,17
2015-12,45,67,89,68,35,46,56,92,64,27,27,29,40,68,31,69,45,47,45,34,55,63,80,24,29,28,52,79,24,72,47,62,75,42,54,80,73,70,24,36,29,87,57,14
2016-01,42,67,74,64,48,53,57,68,77,40,35,40,41,82,34,77,36,81,71,33,45,41,47,32,42,38,63,80,23,77,56,71,62,38,61,66,77,51,29,38,34,82,63,18
2016-02,44,61,70,64,45,51,55,64,80,39,33,44,41,73,37,80,32,44,68,32,48,40,45,32,41,39,64,76,21,78,64,72,68,43,56,62,69,50,29,36,36,65,56,17
2016-03,43,62,70,62,44,54,55,58,82,38,33,43,42,69,38,78,31,39,66,32,49,39,43,30,38,40,67,71,21,78,53,70,74,41,53,60,64,52,27,40,36,61,56,18
2016-04,44,61,73,61,45,55,55,58,82,38,32,45,47,68,43,81,30,40,65,32,53,39,45,28,38,39,66,74,20,77,51,74,57,38,57,56,65,51,27,46,37,62,53,17
2016-05,42,61,73,59,48,55,63,59,83,38,35,45,50,64,45,75,29,37,63,30,53,40,46,29,37,40,64,72,20,76,46,70,56,36,57,53,61,50,25,48,39,55,52,17
2016-06,44,61,75,58,45,53,57,62,81,39,37,48,48,70,44,75,29,38,64,31,53,43,48,31,37,39,62,70,20,74,47,72,57,36,56,52,60,53,27,45,38,55,53,17
2016-07,45,63,75,59,35,55,57,63,100,43,39,46,52,65,41,81,29,37,65,35,54,43,49,35,39,39,66,72,20,72,46,75,56,35,59,53,61,50,24,50,37,54,55,17
2016-08,48,64,70,59,34,53,53,61,83,44,38,40,53,67,40,79,28,36,66,33,50,41,50,32,42,39,63,70,20,71,45,75,53,35,58,54,63,50,25,52,35,55,55,17
2016-09,44,61,74,62,50,53,59,65,82,39,36,39,51,73,40,80,33,36,66,43,49,41,48,31,39,40,64,73,20,75,50,74,60,40,59,54,68,53,27,49,37,60,58,17
2016-10,43,63,83,65,45,50,57,68,79,35,32,36,46,78,38,82,33,44,60,36,49,45,50,28,37,37,62,75,20,76,50,71,66,43,63,58,71,53,26,43,36,68,62,17
2016-11,44,62,95,65,46,52,56,82,76,32,28,37,45,78,34,80,44,34,56,37,51,50,59,28,37,35,64,86,23,77,59,71,78,39,57,59,79,57,28,39,40,85,63,17
2016-12,44,66,94,72,34,47,56,95,71,29,28,30,42,71,30,83,47,34,46,36,56,66,84,23,28,29,58,83,22,74,46,65,80,42,55,83,78,67,23,36,32,86,59,14
2017-01,43,59,75,65,47,53,57,69,80,39,36,41,42,82,34,79,36,34,67,35,49,42,48,31,42,39,65,83,21,82,56,72,62,38,62,67,75,52,29,37,37,79,60,18
2017-02,42,58,72,66,43,52,59,63,83,37,32,43,41,74,35,87,33,32,65,34,52,41,46,30,42,39,66,78,20,82,58,72,65,42,57,61,70,52,29,37,36,63,56,17
2017-03,42,60,71,62,46,54,61,61,84,36,32,44,43,68,37,82,31,32,61,33,54,39,46,29,39,40,68,77,20,82,55,72,66,40,55,55,67,53,28,40,39,60,52,18
2017-04,41,62,71,65,39,54,59,57,85,38,34,40,50,67,41,87,31,34,59,32,52,40,50,29,38,37,71,78,19,78,47,71,69,40,59,62,69,51,26,48,38,69,53,17
2017-05,43,61,76,62,46,54,63,60,82,40,35,47,50,65,41,81,31,39,64,31,52,41,51,31,38,39,67,78,19,83,49,75,57,36,61,56,69,54,27,48,39,80,54,19
2017-06,44,62,78,61,43,55,60,65,83,41,37,51,50,60,44,82,30,36,65,31,61,44,56,33,38,41,67,79,18,80,49,75,56,36,61,55,65,55,26,46,41,64,55,19
2017-07,46,63,79,65,35,57,61,68,88,44,40,47,55,69,40,89,31,34,66,33,57,45,58,34,41,43,69,83,20,81,47,80,59,38,65,57,71,57,26,52,39,64,60,20
2017-08,46,63,75,66,34,54,59,66,83,44,38,42,53,72,37,90,31,32,66,33,53,43,56,33,40,42,67,78,19,81,51,83,56,39,64,56,71,57,24,47,37,62,58,18
2017-09,47,62,79,67,51,54,61,65,81,39,39,42,49,77,35,86,33,41,70,40,54,44,55,34,40,43,73,78,19,83,54,79,60,44,63,58,73,58,26,47,37,66,60,18
2017-10,45,64,85,69,46,53,62,69,82,38,35,41,44,83,34,91,36,44,63,35,56,44,56,31,41,39,70,80,19,89,57,78,66,43,69,59,77,59,30,41,38,71,64,18
2017-11,44,63,100,69,45,52,59,88,76,32,28,39,44,85,32,87,46,31,58,36,57,50,68,28,43,35,69,88,21,89,55,77,75,40,58,62,86,63,28,40,35,93,64,18
2017-12,45,67,100,77,37,49,55,100,70,28,29,30,39,74,27,88,48,37,47,35,59,69,98,24,28,29,57,84,21,84,45,69,82,43,60,88,81,75,24,34,29,92,60,15
2018-01,43,59,77,69,46,53,57,70,81,39,36,42,40,83,31,84,36,34,66,31,49,42,54,31,43,39,67,85,20,92,55,79,64,38,62,68,80,57,29,36,36,79,59,20
2018-02,42,60,73,69,45,54,56,66,82,37,34,41,39,75,32,93,32,42,61,30,53,42,54,31,41,39,65,79,19,89,54,74,67,40,58,62,73,54,30,35,37,67,56,21
2018-03,47,60,72,68,47,56,56,65,88,36,36,41,39,75,33,86,32,33,61,29,54,42,53,33,38,40,68,80,18,89,53,74,78,44,55,64,73,61,28,35,36,66,56,27
2018-04,42,59,74,65,40,55,57,60,87,38,35,43,46,70,37,85,32,35,61,29,54,40,54,31,40,37,73,82,18,88,49,76,63,37,59,59,71,56,27,43,38,60,54,19
2018-05,43,62,75,61,42,56,57,62,87,39,35,41,49,61,40,80,30,31,59,28,55,41,57,31,39,37,69,76,18,87,47,73,56,36,60,55,65,57,27,47,40,54,52,20
2018-06,43,59,77,62,41,54,58,67,85,37,36,46,50,61,42,81,30,30,60,27,59,42,61,31,37,35,70,79,18,84,46,74,56,33,62,54,65,56,28,47,40,53,51,20
2018-07,44,61,77,62,34,53,57,64,85,40,39,43,50,64,37,83,29,32,61,28,57,41,59,31,38,37,70,86,17,82,48,77,55,34,65,54,67,56,28,48,40,55,54,23
2018-08,44,62,74,66,32,53,59,64,84,41,37,40,47,72,35,88,31,34,63,30,55,43,61,31,40,35,68,80,18,82,47,79,56,37,63,56,71,56,26,45,37,60,56,18
2018-09,43,57,75,66,46,50,56,62,79,35,35,39,43,74,33,85,31,36,60,31,56,42,58,30,36,35,69,77,17,80,52,75,57,41,64,58,72,58,29,41,33,64,56,18
2018-10,43,59,79,67,42,50,59,63,77,34,32,37,39,78,31,87,32,33,56,29,52,43,58,28,37,34,66,83,17,82,51,73,65,41,67,57,71,59,32,35,38,64,56,17
2018-11,43,62,95,67,41,51,57,83,81,30,28,36,40,83,28,85,42,31,52,31,54,49,69,27,35,31,67,89,19,87,55,75,73,39,58,60,81,64,32,35,36,85,61,17
2018-12,43,68,97,77,32,48,55,95,80,28,28,31,37,74,26,88,44,35,45,31,60,67,100,22,28,27,60,88,18,81,44,70,82,43,59,86,81,74,25,32,30,87,59,15
2019-01,42,58,77,69,43,54,56,71,82,37,35,44,39,83,30,87,35,36,62,27,50,41,53,30,42,37,72,86,18,92,56,79,62,37,65,66,81,59,32,35,38,78,60,19
2019-02,41,58,69,67,40,54,54,63,86,35,32,45,39,73,30,87,32,39,58,26,54,40,53,29,40,34,74,80,17,88,54,77,65,39,58,61,73,57,33,35,38,65,54,19
2019-03,42,60,74,67,42,53,58,64,84,35,32,43,40,74,33,88,31,36,58,26,56,40,55,30,38,34,73,81,17,86,52,75,65,39,59,58,73,58,33,37,38,64,54,19
2019-04,42,61,74,68,38,55,57,60,89,37,33,44,46,72,36,91,31,34,56,26,56,40,55,29,38,35,77,79,17,85,49,78,72,38,61,62,70,58,33,42,41,61,55,19
2019-05,43,60,74,64,41,55,57,64,87,39,34,44,47,66,37,86,30,31,56,28,56,42,61,30,39,35,72,81,16,87,44,78,58,36,59,57,66,59,33,45,40,58,50,18
2019-06,44,60,79,63,41,55,60,66,88,39,36,45,46,66,39,88,31,35,57,27,58,43,66,35,39,36,72,86,17,84,48,77,59,35,62,57,70,60,31,43,40,60,54,21
2019-07,46,61,76,64,34,56,59,65,89,40,38,46,49,66,36,88,31,35,59,28,57,43,63,35,41,36,75,91,17,84,48,79,57,34,65,55,68,62,30,46,42,60,56,20
2019-08,46,64,75,68,33,56,63,66,88,42,37,42,47,74,35,98,32,38,61,28,56,43,63,32,40,35,74,84,17,83,49,84,58,38,66,58,72,60,30,44,39,62,56,19
2019-09,44,60,77,66,47,52,65,64,84,39,39,47,43,76,32,91,32,44,61,33,53,41,56,31,39,35,77,81,17,85,48,79,61,41,64,56,74,59,32,41,40,64,55,19
2019-10,44,62,84,69,43,55,60,69,84,36,34,44,40,82,29,93,34,41,59,30,53,45,58,30,38,34,72,86,17,89,51,79,67,42,72,58,76,65,33,37,37,69,60,19
2019-11,45,64,98,73,43,57,60,86,94,34,29,43,41,91,29,94,42,37,57,32,57,52,70,29,40,32,72,92,19,91,54,80,79,41,61,63,89,67,33,36,38,88,68,19
2019-12,45,68,99,79,33,51,58,98,79,32,30,40,39,78,27,94,44,35,50,31,63,68,96,25,32,28,69,93,18,88,44,75,84,43,63,88,87,82,28,33,34,93,65,16
2020-01,43,58,76,71,42,57,65,71,87,39,36,50,40,85,30,90,36,35,65,29,52,43,53,36,46,37,80,91,17,96,51,82,64,38,67,68,83,63,34,35,41,82,61,20
2020-02,43,59,74,73,41,58,62,68,86,38,36,49,38,78,30,94,32,36,64,30,57,42,52,42,45,38,82,83,17,94,54,80,67,42,62,64,77,59,34,32,40,71,57,20
2020-03,39,58,59,79,48,51,61,53,76,28,29,47,39,62,27,76,29,29,48,27,100,42,47,65,54,34,96,74,15,93,46,87,66,55,68,67,70,69,34,35,41,73,67,19
2020-04,38,61,66,100,36,49,63,52,76,18,14,34,71,66,30,57,36,29,41,29,95,54,65,28,35,26,98,81,16,85,42,86,100,100,100,100,83,96,26,72,39,93,61,18
2020-05,40,68,76,95,37,58,85,60,83,20,15,34,89,85,36,77,37,30,53,29,88,54,75,27,42,30,100,95,18,83,42,93,90,87,97,90,94,94,28,100,45,98,67,19
2020-06,43,69,78,87,41,64,77,67,94,23,17,38,84,100,40,100,38,28,66,29,82,54,73,34,51,35,100,98,18,86,47,100,87,72,90,79,100,100,31,93,45,100,71,21
